,dt_criacao,count
0,02/10/1992,1401
1,13/02/1988,166
2,20/07/2002,163
3,13/11/1991,159
4,02/03/1985,159
5,07/02/2003,150
6,02/10/1992 00:00,141
7,02/out/92,134
8,30/11/2001,99
9,13/07/1985,90
10,01/04/2009,79
11,28/12/2007,79
12,16/10/1987,75
13,21/12/2012,73
14,28/12/2000,61
15,30/12/2010,59
16,02/07/1996,56
17,22/06/2010,54
18,25/11/2008,53
19,05/05/1992,52
20,31/05/2007,51
21,04/03/1986,48
22,13/08/2010,47
23,19/09/2012,47
24,07/01/2010,45
25,05/10/1984,45
26,20/05/2008,44
27,26/08/2009,43
28,18/07/2008,43
29,25/05/2009,42
30,05/11/2009,42
31,19/03/2010,41
32,17/11/2008,39
33,16/12/2011,37
34,18/08/1987,36
35,17/10/2007,36
36,17/09/2003,36
37,01/10/1992,36
38,04/10/2010,36
39,14/04/2008,36
40,09/06/2011,36
41,11/10/2011,35
42,31/12/2008,35
43,10/09/2010,34
44,27/04/2010,33
45,16/07/2008,31
46,24/03/2011,31
47,08/09/2010,30
48,01/07/2008,29
49,04/01/2011,29
50,10/12/2012,28
51,24/06/2010,28
52,15/10/2012,28
53,07/11/2014,28
54,09/08/2008,27
55,11/06/2008,27
56,15/09/2008,27
57,19/02/2009,27
58,03/04/2008,27
59,18/09/2008,27
60,17/07/2010,27
61,20/12/2012,27
62,24/12/2010,27
63,27/08/2010,27
64,06/09/2011,27
65,20/01/2010,27
66,23/03/2010,27
67,24/03/2010,27
68,20/12/2007,27
69,10/12/2007,26
70,23/09/2008,26
71,26/08/2010,26
72,28/04/2009,26
73,05/08/2010,26
74,25/06/2010,26
75,30/10/1996,26
76,16/10/2010,26
77,08/12/2011,25
78,29/04/2010,25
79,20/12/2011,25
80,08/12/2010,24
81,03/02/2009,24
82,24/jul/15,24
83,11/06/2010,24
84,04/06/2011,24
85,08/05/2010,24
86,15/03/2010,24
87,31/07/2009,24
88,15/10/2009,24
89,24/11/2009,24
90,04/02/2011,23
91,19/06/2014,23
92,24/07/2015 00:00,23
93,05/10/2007,22
94,02/07/2010,22
95,11/11/2010,22
96,02/11/2010,22
97,20/07/2010,22
98,21/12/2011,22
99,10/05/2012,21
100,20/06/2012,21
101,02/12/2011,21
102,09/10/2008,21
103,12/08/2011,21
104,26/05/2011,21
105,17/12/2012,21
106,31/10/2012,21
107,05/10/2012,21
108,16/11/2011,21
109,19/02/2004,21
110,17/02/2012,21
111,16/06/2011,21
112,25/02/2011,21
113,28/10/2008,21
114,18/09/2012,21
115,30/04/2011,21
116,07/06/2014,20
117,23/11/2011,20
118,05/01/2011,20
119,17/09/2010,20
120,17/09/2011,20
121,18/08/2011,20
122,04/03/2011,20
123,27/03/2012,20
124,28/07/2010,20
125,21/07/2010,20
126,01/03/2014,20
127,28/09/2010,19
128,24/11/2011,19
129,15/10/2011,19
130,02/03/1985 00:00,19
131,23/12/2010,19
132,05/09/2014,19
133,22/10/2011,19
134,02/mar/85,19
135,24/02/2001,19
136,03/04/1976,18
137,16/12/2009,18
138,15/01/2010,18
139,28/05/2008,18
140,07/05/2002,18
141,27/09/2008,18
142,22/04/2010,18
143,20/12/1999,18
144,28/11/2007,18
145,03/12/2010,18
146,03/12/2009,18
147,01/03/1991,18
148,22/06/1994,18
149,01/06/2009,18
150,26/12/2012,18
151,14/08/2009,18
152,09/10/2009,18
153,11/09/2012,18
154,11/09/2010,18
155,11/09/2009,18
156,08/10/2011,18
157,30/10/2009,18
158,25/09/2009,18
159,18/06/1987,18
160,13/09/2010,18
161,24/04/2009,18
162,30/12/2001,18
163,13/fev/88,18
164,14/08/2012,18
165,09/10/2007,18
166,01/12/2008,18
167,08/10/2007,18
168,23/04/2009,18
169,01/07/2010,18
170,13/02/1988 00:00,18
171,20/05/2004,18
172,24/04/2008,18
173,13/08/1997,18
174,22/03/2012,17
175,17/05/2011,17
176,22/11/2010,17
177,02/09/2011,17
178,28/04/2011,17
179,02/10/2012,17
180,07/08/2009,17
181,28/09/2012,17
182,24/09/2010,17
183,09/09/2009,17
184,15/05/2009,17
185,28/12/2012,17
186,31/07/2007,17
187,30/04/2010,17
188,05/10/2011,17
189,15/08/2007,17
190,07/fev/03,16
191,19/04/2011,16
192,09/05/2011,16
193,22/12/2009,16
194,10/05/2011,16
195,07/11/2012,16
196,05/05/2011,16
197,07/02/2003 00:00,16
198,15/12/2010,16
199,13/10/2010,16
200,13/11/1991 00:00,16
201,15/03/2011,16
202,08/10/2010,15
203,20/03/2009,15
204,27/12/2007,15
205,16/07/2014,15
206,25/10/2011,15
207,15/06/2010,15
208,21/12/2010,15
209,30/08/2012,15
210,13/04/2011,15
211,29/07/2010,15
212,10/04/2008,15
213,10/09/2008,15
214,26/10/2011,15
215,18/08/2010,15
216,07/02/2008,15
217,31/10/1996,14
218,24/11/2010,14
219,20/01/2012,14
220,30/04/2008,14
221,08/03/2012,14
222,30/09/2008,14
223,07/07/1988,14
224,25/05/2012,14
225,08/08/2012,14
226,17/03/2012,14
227,11/11/2014,14
228,28/11/2011,14
229,29/04/2009,14
230,13/nov/91,14
231,29/03/2012,14
232,03/02/2012,14
233,31/08/2010,14
234,26/11/2012,13
235,20/04/2012,13
236,24/05/2012,13
237,13/08/2008,13
238,30/06/2011,13
239,03/09/2012,13
240,03/10/2012,13
241,29/08/2008,13
242,04/11/2011,13
243,24/09/2011,13
244,18/03/2011,13
245,14/03/2011,13
246,11/04/2012,13
247,24/10/2014,13
248,07/06/2011,13
249,29/12/2011,13
250,16/05/2011,13
251,18/06/2010,13
252,28/04/2010,13
253,12/03/2011,13
254,29/08/2009,12
255,04/12/2008,12
256,19/08/2010,12
257,08/08/2008,12
258,16/12/2010,12
259,31/03/2008,12
260,13/09/2007,12
261,04/08/2010,12
262,18/04/2013,12
263,04/02/2014,12
264,25/02/2013,12
265,23/02/2016,12
266,17/11/2014,12
267,21/10/2008,12
268,11/11/2011,12
269,20/08/2014,12
270,12/08/2010,12
271,27/07/2015,12
272,28/06/2011,12
273,27/07/2015 00:00,12
274,01/02/2011,12
275,31/10/2013,12
276,10/10/2013,12
277,28/12/2011,12
278,12/12/2012,12
279,15/08/1987,12
280,14/05/2009,11
281,10/08/2012,11
282,12/03/2010,11
283,09/02/2011,11
284,10/09/2009,11
285,30/03/2012,11
286,02/05/2007,11
287,05/11/2014,11
288,24/05/2011,11
289,30/nov/01,11
290,19/01/2012,11
291,16/04/2008,11
292,19/09/2013,11
293,06/11/2014,11
294,29/11/2012,11
295,07/12/2009,11
296,30/11/2001 00:00,11
297,01/10/2010,11
298,18/dez/15,10
299,08/08/2014,10
300,18/11/2014,10
301,22/11/2007,10
302,25/09/2014,10
303,11/06/2014,10
304,03/02/2010,10
305,23/03/2012,10
306,19/03/2014,10
307,05/02/2011,10
308,13/jul/85,10
309,07/03/2014,10
310,15/11/2008,10
311,04/11/2014,10
312,07/02/2014,10
313,03/09/2010,10
314,29/06/2010,10
315,27/10/2014,10
316,13/07/1985 00:00,10
317,27/01/2014,10
318,08/10/2013,10
319,13/01/2014,10
320,23/01/2014,10
321,10/04/2012,10
322,16/09/2011,10
323,19/11/2011,10
324,29/05/2012,10
325,05/10/1994,9
326,24/02/1995,9
327,12/02/2009,9
328,05/11/2007,9
329,24/03/2009,9
330,19/03/2009,9
331,19/07/2008,9
332,30/12/2015,9
333,12/02/1988,9
334,13/05/2010,9
335,23/12/2008,9
336,24/01/1996,9
337,01/09/2008,9
338,13/12/2007,9
339,31/01/1997,9
340,01/12/1988,9
341,19/06/2010,9
342,01/09/2009,9
343,24/07/2008,9
344,19/05/1998,9
345,19/06/2008,9
346,23/03/1991,9
347,23/10/2009,9
348,06/12/2011,9
349,31/03/2009,9
350,06/08/2004,9
351,12/06/2002,9
352,01/05/2003,9
353,06/08/2010,9
354,20/10/1984,9
355,22/08/2009,9
356,01/04/2010,9
357,20/10/2007,9
358,06/11/2007,9
359,06/11/2008,9
360,20/10/2008,9
361,20/10/2010,9
362,01/04/2008,9
363,22/06/2007,9
364,20/06/2008,9
365,01/03/1985,9
366,22/05/2008,9
367,12/11/2014,9
368,12/11/2008,9
369,07/08/1997,9
370,22/02/2007,9
371,21/01/2009,9
372,21/12/2012 00:00,9
373,01/02/2010,9
374,01/02/2008,9
375,07/05/1992,9
376,07/04/2010,9
377,12/10/2006,9
378,12/11/2007,9
379,22/12/2005,9
380,01/07/1992,9
381,01/08/2008,9
382,08/03/2010,9
383,23/09/1995,9
384,19/09/2014,9
385,19/10/2007,9
386,12/04/2007,9
387,23/08/2007,9
388,23/07/2009,9
389,19/10/2017,9
390,23/06/2010,9
391,08/04/2004,9
392,19/11/2007,9
393,08/03/2014,9
394,13/03/2014,9
395,23/04/2008,9
396,23/04/2007,9
397,01/08/1990,9
398,20/05/2010,9
399,19/11/2010,9
400,08/12/2004,9
401,19/11/2014,9
402,08/02/2010,9
403,08/01/2008,9
404,23/02/2018,9
405,13/03/2010,9
406,06/04/1988,9
407,06/06/2008,9
408,20/04/2010,9
409,13/03/1992,9
410,06/07/2006,9
411,06/07/2007,9
412,31/03/2006,9
413,30/10/2008,9
414,03/02/1985,9
415,05/07/2007,9
416,27/01/2010,9
417,10/04/2009,9
418,16/11/2007,9
419,11/02/2008,9
420,27/05/2009,9
421,27/05/2008,9
422,16/out/87,9
423,17/01/1990,9
424,14/12/2012,9
425,17/02/2009,9
426,29/05/1998,9
427,29/05/2008,9
428,14/12/1995,9
429,27/03/2008,9
430,17/04/2008,9
431,17/04/2012,9
432,16/10/1987 00:00,9
433,02/07/2009,9
434,17/05/2008,9
435,04/03/2010,9
436,29/06/1991,9
437,26/11/2009,9
438,17/06/2008,9
439,24/09/2007,9
440,26/09/2008,9
441,29/06/2009,9
442,04/05/1992,9
443,02/06/2008,9
444,04/05/2007,9
445,11/04/2003,9
446,17/09/2009,9
447,02/09/2009,9
448,27/08/2007,9
449,04/08/1994,9
450,03/07/2009,9
451,28/08/2012,9
452,28/08/2009,9
453,16/02/2009,9
454,28/11/2008,9
455,03/05/2007,9
456,10/12/2010,9
457,28/06/2008,9
458,16/04/1997,9
459,03/06/2010,9
460,16/04/1998,9
461,28/11/2017 00:00,9
462,10/11/1995,9
463,28/05/2002,9
464,16/05/2008,9
465,15/09/2010,9
466,11/01/2008,9
467,28/12/2001,9
468,28/03/2008,9
469,10/09/2003,9
470,16/06/2008,9
471,10/08/2007,9
472,10/08/1995,9
473,03/11/2008,9
474,10/07/2008,9
475,03/11/2009,9
476,01/01/2001,9
477,28/12/2010,9
478,16/07/1992,9
479,15/03/2006,9
480,15/01/2014,9
481,09/12/2009,9
482,17/07/2007,9
483,26/07/2008,9
484,30/06/2009,9
485,25/08/2010,9
486,14/07/2009,9
487,04/08/2009,9
488,25/07/2007,9
489,09/03/2010,9
490,25/06/2008,9
491,09/02/2010,9
492,30/05/2003,9
493,09/01/2007,9
494,30/05/2008,9
495,25/03/2010,9
496,05/01/1996,9
497,18/09/2009,9
498,05/01/2008,9
499,30/06/2010,9
500,29/12/2017,9
501,18/10/2007,9
502,18/10/2012,9
503,05/03/1996,9
504,05/03/2010,9
505,30/07/2008,9
506,19/01/2002,9
507,19/01/2008,9
508,14/04/2010,9
509,19/01/2010,9
510,05/05/2004,9
511,05/05/2010,9
512,30/09/2009,9
513,24/09/2012,9
514,14/01/1987,9
515,09/04/2010,9
516,05/02/2009,9
517,09/05/2008,9
518,11/08/2007,9
519,11/06/2013,9
520,18/02/2008,9
521,14/09/2009,9
522,09/11/2012,9
523,11/07/1985,9
524,18/04/2008,9
525,18/05/2010,9
526,04/12/2009,9
527,11/06/2009,9
528,11/05/2010,9
529,25/11/2009,9
530,18/06/2007,9
531,25/10/2003,9
532,09/12/2008,9
533,17/10/1995,9
534,14/08/2008,9
535,25/10/2008,9
536,14/09/2011,8
537,13/11/2014,8
538,10/10/2011,8
539,16/03/2011,8
540,10/12/2011,8
541,08/04/2011,8
542,14/11/2014,8
543,18/12/2015,8
544,21/07/2011,8
545,20/jul/02,8
546,08/11/2011,8
547,17/08/2011,8
548,18/02/2011,8
549,18/11/2011,8
550,16/05/2012,8
551,11/09/2007,8
552,11/08/2011,8
553,12/07/1985,8
554,11/02/2011,8
555,20/09/2010,8
556,13/01/2015,8
557,12/07/2011,8
558,16/08/2008,8
559,20/05/2011,8
560,20/05/2009,8
561,18/04/2011,8
562,15/08/2011,8
563,12/12/2009,8
564,09/08/2011,8
565,08/07/2014,8
566,20/08/2010,8
567,15/09/2009,8
568,19/05/2011,8
569,01/01/1902,8
570,28/05/2009,8
571,27/05/2011,8
572,26/10/2010,8
573,29/12/2015,8
574,01/10/2011,8
575,30/11/2011,8
576,30/11/2010,8
577,29/07/2011,8
578,22/02/2011,8
579,26/07/2017,8
580,01/12/2010,8
581,29/09/2011,8
582,30/09/2011,8
583,03/11/2010,8
584,30/07/2014,8
585,22/06/2011,8
586,21/08/2008,8
587,03/10/2011,8
588,26/07/2007,8
589,01/08/2012,8
590,03/05/2011,8
591,03/03/2011,8
592,24/12/2009,8
593,03/01/2010,8
594,26/02/2009,8
595,25/03/2015,8
596,22/12/2006,8
597,05/04/2011,8
598,06/03/2012,7
599,28/03/2011,7
600,06/08/2008,7
601,20/07/2002 00:00,7
602,28/03/2012,7
603,15/09/2012,7
604,08/01/2011,7
605,08/02/2012,7
606,03/07/2012,7
607,16/04/2012,7
608,15/12/2009,7
609,16/02/2011,7
610,28/05/2007,7
611,10/11/2015,7
612,10/11/2011,7
613,23/08/2012,7
614,06/02/2010,7
615,16/06/2010,7
616,05/03/2012,7
617,18/07/2012,7
618,09/06/2008,7
619,18/04/2012,7
620,04/10/2012,7
621,18/01/2012,7
622,04/09/2012,7
623,19/05/2010,7
624,26/06/2012,7
625,24/01/2012,7
626,04/08/2011,7
627,23/10/2018,7
628,23/10/2012,7
629,16/12/2008,7
630,16/10/2012,7
631,27/09/2012,7
632,10/05/2010,7
633,19/10/2011,7
634,15/07/2014,7
635,08/04/2014,7
636,16/07/2010,7
637,20/07/2012,7
638,17/07/2009,7
639,25/04/2011,7
640,21/07/2008,7
641,02/03/2012,7
642,21/11/2011,7
643,31/05/2012,7
644,11/09/2015,7
645,06/12/2010,7
646,14/06/2012,7
647,14/04/2011,7
648,30/08/2010,7
649,21/06/2010,7
650,22/05/2012,7
651,14/01/2010,7
652,22/03/2011,7
653,13/12/2013,7
654,12/05/2012,7
655,01/08/2007,7
656,13/12/2011,7
657,01/09/2012,7
658,30/12/2014,7
659,21/dez/12,7
660,13/08/2012,7
661,30/12/2011,7
662,29/07/2014,7
663,11/07/2012,7
664,06/08/2012,7
665,07/12/2012,7
666,01/03/2012,7
667,12/07/2012,7
668,14/10/2009,7
669,31/05/2016 00:00,7
670,02/06/2011,7
671,28/nov/17,7
672,11/03/2012,7
673,21/08/2012,7
674,04/10/2017,6
675,31/10/2007,6
676,25/09/2007,6
677,09/11/2007,6
678,17/10/2012,6
679,31/07/2013,6
680,25/08/2011,6
681,13/07/2010,6
682,26/07/2013,6
683,09/03/2017,6
684,09/02/2012,6
685,25/09/2013,6
686,18/06/2009,6
687,09/05/2013,6
688,18/03/2013,6
689,09/10/2013,6
690,09/10/2012,6
691,26/05/1988,6
692,26/03/2013,6
693,01/06/2012,6
694,18/02/1992,6
695,09/06/2018,6
696,09/08/2016,6
697,09/08/2012,6
698,04/10/2013,6
699,26/02/2013,6
700,04/06/2016,6
701,02/10/2007,6
702,13/08/2007,6
703,17/05/2013,6
704,28/04/2018,6
705,14/09/2010,6
706,02/04/2008,6
707,16/04/2009,6
708,10/11/2008,6
709,29/03/2018,6
710,16/03/2012,6
711,02/08/1996,6
712,15/01/2013,6
713,16/01/2016,6
714,15/02/2012,6
715,02/09/2013,6
716,15/10/2014,6
717,28/10/2009,6
718,15/04/2009,6
719,28/11/2019,6
720,28/dez/00,6
721,28/04/2016,6
722,03/08/2010,6
723,14/08/2013,6
724,27/07/2012,6
725,17/05/2010,6
726,27/03/2010,6
727,17/01/2012,6
728,27/05/2010,6
729,30/10/2014,6
730,15/05/2018,6
731,13/12/2012,6
732,01/12/2017,6
733,10/09/2011,6
734,10/06/2015,6
735,10/07/2013,6
736,27/12/2017,6
737,28/02/2009,6
738,03/10/2013,6
739,03/09/2013,6
740,29/11/2013,6
741,27/06/2012,6
742,12/10/2017,6
743,23/02/1988,6
744,06/02/2013,6
745,24/08/2017,6
746,22/10/2010,6
747,21/01/2011,6
748,18/12/2015 00:00,6
749,20/06/2013,6
750,08/09/2008,6
751,22/01/2013,6
752,07/07/2017,6
753,23/06/2012,6
754,20/08/2011,6
755,19/11/2013,6
756,07/11/2013,6
757,22/07/2008,6
758,05/05/1992 00:00,6
759,08/09/2014,6
760,07/10/2015,6
761,23/06/2008,6
762,21/02/2009,6
763,20/09/2013,6
764,22/11/2012,6
765,06/08/2013,6
766,23/09/2013,6
767,23/08/2017,6
768,07/03/2009,6
769,24/07/2012,6
770,24/08/2010,6
771,23/10/2010,6
772,23/07/2013,6
773,21/06/2013,6
774,24/08/2013,6
775,05/mai/92,6
776,23/12/2011,6
777,08/10/2012,6
778,07/09/2017,6
779,28/11/2019 00:00,5
780,22/12/2013,5
781,15/09/2014,5
782,22/11/2013,5
783,28/12/2000 00:00,5
784,06/07/2017,5
785,03/01/2012,5
786,10/12/2014,5
787,06/07/2012,5
788,06/03/2010,5
789,06/07/2010,5
790,06/06/2014,5
791,16/12/2016,5
792,10/01/2014,5
793,27/06/2011,5
794,10/02/2018,5
795,16/10/2014,5
796,10/03/2012,5
797,08/07/2011,5
798,08/06/2011,5
799,10/06/2013,5
800,27/12/2013,5
801,08/04/1992,5
802,28/02/2014,5
803,23/05/2019 00:00,5
804,05/out/84,5
805,19/11/2009,5
806,10/09/2014,5
807,08/02/2014,5
808,19/12/2013,5
809,19/12/2015,5
810,28/12/2013,5
811,14/12/2011,5
812,28/nov/19,5
813,13/11/2013,5
814,13/09/2013,5
815,07/05/2014,5
816,30/12/2010 00:00,5
817,21/02/2011,5
818,13/07/2018,5
819,01/09/2014,5
820,07/04/2014,5
821,30/dez/10,5
822,13/06/2014,5
823,12/03/2014,5
824,21/05/1985,5
825,31/01/2014,5
826,13/02/2014,5
827,21/06/2012,5
828,01/04/2011,5
829,12/07/2013,5
830,12/09/2014,5
831,21/08/2014,5
832,01/02/2013,5
833,31/mai/16,5
834,12/10/2011,5
835,01/10/2014,5
836,30/10/2013,5
837,20/08/2012,5
838,20/dez/17,5
839,15/02/2011,5
840,29/01/2014,5
841,11/02/2014,5
842,05/jul/18,5
843,11/03/2017,5
844,14/11/2013,5
845,11/04/2017,5
846,22/07/2010,5
847,06/11/2018,5
848,20/10/2014,5
849,20/11/2015,5
850,14/07/2014,5
851,30/04/2014,5
852,06/12/2013,5
853,11/12/2014,5
854,11/12/2018,5
855,07/08/2012,5
856,20/12/2013,5
857,14/01/2014,5
858,30/09/2014,5
859,01/12/2009,5
860,27/04/2012,5
861,21/07/2014,5
862,09/07/2014,5
863,09/09/2014,5
864,05/07/2011,5
865,26/08/2014,5
866,05/07/2018 00:00,5
867,19/03/2011,5
868,18/01/2014,5
869,25/03/2014,5
870,18/12/2018,5
871,18/06/2014,5
872,26/07/2010,5
873,23/12/2014,5
874,25/08/2014,5
875,18/07/2018,5
876,25/07/2015 00:00,5
877,24/04/2014,5
878,09/10/2014,5
879,04/mar/86,5
880,05/10/1984 00:00,5
881,04/08/2014,5
882,09/08/1991,5
883,17/07/2014,5
884,05/ago/15,5
885,24/10/2018,5
886,18/10/2014,5
887,04/10/2018,5
888,04/03/1986 00:00,5
889,18/11/2013,5
890,05/02/2014,5
891,17/03/2014,5
892,29/nov/19,4
893,18/12/2013,4
894,07/12/2017 00:00,4
895,28/dez/16,4
896,20/07/2019 00:00,4
897,31/01/2013,4
898,15/06/2012,4
899,09/01/2019,4
900,09/07/2015,4
901,07/dez/17,4
902,24/10/2015,4
903,25/jul/15,4
904,01/10/1992 00:00,4
905,14/07/2011,4
906,18/08/1987 00:00,4
907,09/04/2015,4
908,05/09/2012,4
909,18/11/2019 00:00,4
910,01/mar/14,4
911,21/03/2014,4
912,14/06/2014,4
913,29/08/2012,4
914,25/08/2015,4
915,30/06/2015,4
916,07/08/2014,4
917,25/11/2015,4
918,02/04/2014,4
919,06/12/2017 00:00,4
920,09/08/2007,4
921,04/12/2015,4
922,25/10/2017 00:00,4
923,22/07/2013,4
924,20/12/2017 00:00,4
925,14/11/2015,4
926,05/04/2012,4
927,05/07/2014,4
928,11/12/2010,4
929,22/12/2017,4
930,01/out/92,4
931,01/12/2011,4
932,18/nov/19,4
933,13/12/2014,4
934,17/set/03,4
935,28/set/20,4
936,18/ago/87,4
937,14/05/2011,4
938,13/03/2015,4
939,29/05/2010,4
940,21/10/2010,4
941,04/07/2012,4
942,17/09/2003 00:00,4
943,23/04/2014,4
944,23/fev/16,4
945,31/01/2019,4
946,16/06/2012,4
947,01/06/2007,4
948,16/06/2015,4
949,28/06/2010,4
950,25/03/1993,4
951,12/11/1991,4
952,07/03/2012,4
953,27/11/2007,4
954,16/08/2002,4
955,27/11/2002,4
956,01/03/2014 00:00,4
957,08/05/2015,4
958,27/09/2014,4
959,12/12/2014,4
960,12/09/2012,4
961,03/jul/18,4
962,10/04/2014,4
963,17/05/2016 00:00,4
964,04/02/2012,4
965,23/09/2014,4
966,08/07/2017,4
967,16/12/2011 00:00,4
968,04/01/2014,4
969,12/10/2012,4
970,16/dez/11,4
971,08/08/2019 00:00,4
972,17/08/2012,4
973,26/05/2009,4
974,16/05/2014,4
975,23/02/2016 00:00,4
976,03/06/2014,4
977,01/07/2014,4
978,06/03/2015,4
979,06/04/2012,4
980,03/07/2018 00:00,4
981,26/06/2015,4
982,18/08/2015,4
983,20/03/2012,4
984,03/06/2009,4
985,17/09/2012,4
986,08/09/2009,4
987,23/01/2003,4
988,16/05/2017,4
989,14/05/2018 00:00,3
990,21/08/2018,3
991,14/04/2018,3
992,30/12/2017,3
993,24/mar/11,3
994,14/06/2013,3
995,20/12/2011 00:00,3
996,30/06/2017,3
997,18/10/2017,3
998,30/06/2016,3
999,25/05/2009 00:00,3
1000,30/set/21,3
1001,31/mai/07,3
1002,25/05/2018 00:00,3
1003,14/05/2016,3
1004,24/dez/10,3
1005,18/05/2018,3
1006,21/dez/17,3
1007,31/01/2018,3
1008,21/10/2015,3
1009,18/06/2016,3
1010,20/nov/20,3
1011,21/dez/15,3
1012,18/12/2014 00:00,3
1013,13/02/2010,3
1014,31/05/2007 00:00,3
1015,24/nov/17,3
1016,20/dez/11,3
1017,18/11/2017,3
1018,18/09/2018,3
1019,21/05/2009,3
1020,13/01/2009,3
1021,12/dez/17,3
1022,18/12/2014,3
1023,25/10/2017,3
1024,14/01/2017,3
1025,31/05/2018,3
1026,25/06/2010 00:00,3
1027,14/03/2018,3
1028,30/10/2019,3
1029,12/12/2017,3
1030,13/07/2012,3
1031,27/04/2011,3
1032,14/06/2017,3
1033,28/06/2018 00:00,3
1034,19/10/2018,3
1035,17/08/2017,3
1036,16/05/2015,3
1037,23/fev/18,3
1038,17/10/2007 00:00,3
1039,23/02/2018 00:00,3
1040,19/fev/04,3
1041,24/12/2010 00:00,3
1042,20/04/2017,3
1043,28/07/2015,3
1044,30/01/2014,3
1045,24/03/2011 00:00,3
1046,16/01/2018,3
1047,28/09/2018,3
1048,15/mai/18,3
1049,17/11/2014 00:00,3
1050,24/04/2013,3
1051,17/12/2016,3
1052,22/11/2017 00:00,3
1053,15/10/2012 00:00,3
1054,27/mar/18,3
1055,19/10/2017 00:00,3
1056,26/07/2017 00:00,3
1057,17/07/2018,3
1058,16/ago/18,3
1059,27/04/2016,3
1060,27/04/2017,3
1061,16/11/2018,3
1062,26/12/2013,3
1063,16/10/2018,3
1064,26/10/2018,3
1065,26/10/2017 00:00,3
1066,27/06/2018,3
1067,27/07/2017,3
1068,23/08/2013,3
1069,16/08/2018,3
1070,27/09/2018,3
1071,27/10/2013,3
1072,16/07/2019 00:00,3
1073,16/07/2016,3
1074,17/07/2010 00:00,3
1075,27/11/2012,3
1076,27/11/2017 00:00,3
1077,28/09/2018 00:00,3
1078,17/fev/12,3
1079,28/11/2015,3
1080,18/02/2015,3
1081,14/10/2016,3
1082,29/06/2016,3
1083,14/09/2018,3
1084,29/06/2018,3
1085,18/02/2016,3
1086,24/10/2012,3
1087,19/02/2004 00:00,3
1088,22/06/2016 00:00,3
1089,25/out/17,3
1090,29/08/2017,3
1091,29/09/2009,3
1092,20/10/2017,3
1093,29/09/2017,3
1094,29/10/2019 00:00,3
1095,14/07/2015,3
1096,29/12/2012,3
1097,20/11/2020,3
1098,29/mar/18,3
1099,14/07/2007,3
1100,24/09/2016,3
1101,27/03/2013,3
1102,22/11/2017,3
1103,29/03/2018 00:00,3
1104,26/03/2012,3
1105,15/08/2013,3
1106,28/12/2007 00:00,3
1107,17/jul/10,3
1108,20/07/2016,3
1109,15/06/2017,3
1110,15/06/2016,3
1111,20/07/2017,3
1112,15/05/2012,3
1113,17/jul/15,3
1114,17/nov/08,3
1115,15/02/2019,3
1116,17/out/07,3
1117,26/02/2016,3
1118,28/set/18,3
1119,20/08/2016,3
1120,14/set/18,3
1121,14/12/2017,3
1122,22/10/2019,3
1123,18/11/2016,3
1124,16/06/2018,3
1125,10/10/2017,3
1126,02/ago/19,3
1127,07/11/2014 00:00,3
1128,11/jun/08,3
1129,10/01/2013,3
1130,06/07/2018 00:00,3
1131,07/11/2012 00:00,3
1132,09/08/2017,3
1133,05/09/2019 00:00,3
1134,08/01/2013,3
1135,09/07/2016,3
1136,10/05/2012 00:00,3
1137,10/05/2016,3
1138,07/01/2010 00:00,3
1139,10/06/2016,3
1140,08/03/2018,3
1141,07/08/2018,3
1142,04/01/2011 00:00,3
1143,09/01/2019 00:00,3
1144,05/09/2008,3
1145,12/04/2016,3
1146,01/04/2015,3
1147,06/06/2017,3
1148,02/12/2011 00:00,3
1149,04/jan/11,3
1150,05/03/2016,3
1151,04/jul/19,3
1152,03/05/2018,3
1153,11/09/2019,3
1154,07/jan/10,3
1155,11/11/2014 00:00,3
1156,03/06/2016,3
1157,06/dez/17,3
1158,01/12/2016,3
1159,03/07/2014,3
1160,07/dez/18,3
1161,01/11/2012,3
1162,07/nov/14,3
1163,09/12/2016,3
1164,01/10/2019 00:00,3
1165,11/06/2008 00:00,3
1166,06/10/2012,3
1167,07/out/20,3
1168,01/09/2017,3
1169,07/12/2018 00:00,3
1170,09/11/2016,3
1171,07/12/2016,3
1172,05/01/2021,3
1173,10/09/2016,3
1174,04/abr/18,3
1175,10/mai/12,3
1176,12/07/2016,3
1177,04/07/2019 00:00,3
1178,04/06/2011 00:00,3
1179,04/04/2018 00:00,3
1180,04/08/2017,3
1181,04/04/2012,3
1182,04/10/2016,3
1183,05/set/19,3
1184,07/05/2011,3
1185,10/11/2016,3
1186,06/03/2018,3
1187,05/08/2015,3
1188,04/10/2010 00:00,3
1189,09/jun/11,3
1190,08/mar/18,3
1191,08/12/2017,3
1192,05/08/2019 00:00,3
1193,02/09/2010,2
1194,29/06/2016 00:00,2
1195,20/07/2015 00:00,2
1196,02/05/2018 00:00,2
1197,15/mar/11,2
1198,24/set/10,2
1199,15/out/09,2
1200,28/10/2014,2
1201,20/07/2018 00:00,2
1202,07/ago/09,2
1203,15/jun/16,2
1204,15/out/11,2
1205,20/dez/99,2
1206,16/01/2014,2
1207,20/08/2011 00:00,2
1208,16/jan/16,2
1209,02/nov/10,2
1210,16/dez/16,2
1211,09/nov/17,2
1212,10/12/2014 00:00,2
1213,16/01/2016 00:00,2
1214,20/07/2010 00:00,2
1215,05/05/2011 00:00,2
1216,24/nov/09,2
1217,03/01/2014,2
1218,15/ago/87,2
1219,20/05/2017,2
1220,02/07/2019,2
1221,17/03/2012 00:00,2
1222,20/jul/18,2
1223,20/jul/15,2
1224,17/02/2012 00:00,2
1225,10/09/2010 00:00,2
1226,03/04/2008 00:00,2
1227,07/fev/14,2
1228,20/jul/10,2
1229,09/mai/16,2
1230,24/10/2014 00:00,2
1231,28/07/2021,2
1232,20/ago/11,2
1233,09/mar/17,2
1234,03/04/1976 00:00,2
1235,03/02/2012 00:00,2
1236,25/02/2011 00:00,2
1237,09/nov/16,2
1238,20/12/2012 00:00,2
1239,16/out/10,2
1240,16/nov/11,2
1241,20/08/2019,2
1242,16/06/2014,2
1243,20/dez/16,2
1244,24/11/2009 00:00,2
1245,10/04/2019,2
1246,16/08/2018 00:00,2
1247,02/07/2014,2
1248,09/jun/18,2
1249,10/05/2011 00:00,2
1250,24/ago/17,2
1251,02/07/2010 00:00,2
1252,02/07/2013,2
1253,07/10/2011,2
1254,05/03/2018 00:00,2
1255,28/jul/15,2
1256,28/jul/21,2
1257,20/11/2019,2
1258,16/07/2008 00:00,2
1259,20/12/2007 00:00,2
1260,29/04/2010 00:00,2
1261,28/mar/18,2
1262,07/09/2017 00:00,2
1263,02/09/2014,2
1264,24/abr/09,2
1265,20/12/1999 00:00,2
1266,07/10/2017,2
1267,16/09/2019 00:00,2
1268,02/jul/10,2
1269,07/07/2017 00:00,2
1270,16/01/2019,2
1271,02/dez/11,2
1272,29/05/2015 00:00,2
1273,24/mai/12,2
1274,24/jun/10,2
1275,20/12/2016 00:00,2
1276,02/09/2011 00:00,2
1277,16/11/2015 00:00,2
1278,29/05/2014,2
1279,16/11/2011 00:00,2
1280,02/11/2010 00:00,2
1281,28/12/2016 00:00,2
1282,28/abr/16,2
1283,28/abr/18,2
1284,02/07/1996 00:00,2
1285,16/10/2010 00:00,2
1286,07/10/2020 00:00,2
1287,24/fev/01,2
1288,10/04/2015 00:00,2
1289,10/08/2019,2
1290,07/10/2020,2
1291,16/12/2016 00:00,2
1292,25/03/2015 00:00,2
1293,17/04/2021,2
1294,03/05/2018 00:00,2
1295,18/10/2019,2
1296,26/nov/12,2
1297,26/nov/15,2
1298,26/out/17,2
1299,25/mar/15,2
1300,25/mai/18,2
1301,04/02/2016,2
1302,08/out/20,2
1303,25/mai/09,2
1304,25/jun/10,2
1305,09/01/2016,2
1306,18/08/2014,2
1307,04/02/2011 00:00,2
1308,08/05/2010 00:00,2
1309,09/03/2017 00:00,2
1310,27/03/2012 00:00,2
1311,18/07/2019,2
1312,27/03/2018 00:00,2
1313,08/03/2018 00:00,2
1314,27/04/2010 00:00,2
1315,18/07/2008 00:00,2
1316,09/04/2014,2
1317,25/fev/11,2
1318,25/11/2016,2
1319,18/06/1987 00:00,2
1320,09/05/2016 00:00,2
1321,18/05/2018 00:00,2
1322,09/06/2011 00:00,2
1323,03/mai/18,2
1324,26/mai/11,2
1325,04/10/2017 00:00,2
1326,08/mai/10,2
1327,26/03/2009,2
1328,19/02/2019 00:00,2
1329,26/07/2012,2
1330,04/06/2016 00:00,2
1331,26/05/2011 00:00,2
1332,08/10/2014,2
1333,04/04/2016 00:00,2
1334,26/09/2019,2
1335,18/mai/18,2
1336,26/04/2018 00:00,2
1337,18/jun/87,2
1338,04/03/2016,2
1339,26/03/2018 00:00,2
1340,18/jul/08,2
1341,26/11/2012 00:00,2
1342,18/11/2014 00:00,2
1343,19/05/2017,2
1344,26/11/2019 00:00,2
1345,08/ago/19,2
1346,08/dez/11,2
1347,18/abr/13,2
1348,26/abr/18,2
1349,18/12/2018 00:00,2
1350,08/08/2014 00:00,2
1351,19/06/2014 00:00,2
1352,26/dez/18,2
1353,19/07/2018 00:00,2
1354,25/set/14,2
1355,26/jul/17,2
1356,18/04/2013 00:00,2
1357,09/06/2018 00:00,2
1358,04/abr/16,2
1359,17/07/2015 00:00,2
1360,27/mar/12,2
1361,17/11/2008 00:00,2
1362,17/10/2019 00:00,2
1363,03/10/2019,2
1364,09/11/2016 00:00,2
1365,09/11/2017,2
1366,09/12/2014,2
1367,27/set/08,2
1368,20/01/2016,2
1369,03/10/2014,2
1370,09/ago/08,2
1371,17/07/2018 00:00,2
1372,28/03/2018 00:00,2
1373,03/08/2015 00:00,2
1374,09/10/2019,2
1375,09/ago/16,2
1376,05/05/2016,2
1377,03/07/2019,2
1378,20/04/2016,2
1379,28/04/2016 00:00,2
1380,04/out/17,2
1381,28/04/2018 00:00,2
1382,28/04/2022,2
1383,20/05/2004 00:00,2
1384,07/mai/02,2
1385,07/jun/14,2
1386,09/jan/19,2
1387,07/jul/17,2
1388,19/out/17,2
1389,19/nov/14,2
1390,19/11/2014 00:00,2
1391,17/mar/12,2
1392,18/03/2008,2
1393,27/06/2018 00:00,2
1394,09/08/2008 00:00,2
1395,27/07/2017 00:00,2
1396,09/08/2016 00:00,2
1397,03/fev/12,2
1398,09/08/2022,2
1399,03/dez/10,2
1400,27/09/2008 00:00,2
1401,03/dez/09,2
1402,09/09/2008,2
1403,03/ago/15,2
1404,03/abr/76,2
1405,19/ago/19,2
1406,27/jun/18,2
1407,07/set/17,2
1408,17/jul/18,2
1409,04/fev/11,2
1410,03/12/2010 00:00,2
1411,03/12/2009 00:00,2
1412,04/fev/19,2
1413,19/jul/18,2
1414,25/08/2017 00:00,2
1415,27/abr/10,2
1416,04/jul/18,2
1417,04/jun/16,2
1418,27/jul/15,2
1419,27/jul/17,2
1420,20/jul/19,2
1421,12/10/2017 00:00,2
1422,21/set/20,2
1423,01/06/2016,2
1424,14/08/2012 00:00,2
1425,23/out/18,2
1426,11/06/2014 00:00,2
1427,30/06/2016 00:00,2
1428,01/ago/19,2
1429,01/06/2022,2
1430,06/dez/19,2
1431,22/nov/17,2
1432,13/04/2016,2
1433,23/10/2018 00:00,2
1434,11/09/2010 00:00,2
1435,23/nov/15,2
1436,11/09/2015 00:00,2
1437,11/09/2019 00:00,2
1438,13/04/2019,2
1439,01/abr/09,2
1440,22/jun/94,2
1441,11/10/2019,2
1442,22/05/2018 00:00,2
1443,01/12/2017 00:00,2
1444,22/jun/16,2
1445,30/06/2015 00:00,2
1446,14/08/2018,2
1447,22/06/1994 00:00,2
1448,13/03/2013,2
1449,24/02/2001 00:00,2
1450,05/11/2013,2
1451,05/11/2014 00:00,2
1452,12/set/18,2
1453,12/set/19,2
1454,31/08/2017,2
1455,24/01/2013,2
1456,01/fev/11,2
1457,30/04/2011 00:00,2
1458,13/01/2015 00:00,2
1459,11/03/2017 00:00,2
1460,13/01/2018,2
1461,21/out/15,2
1462,01/03/1991 00:00,2
1463,14/10/2015 00:00,2
1464,14/09/2018 00:00,2
1465,06/jul/19,2
1466,06/05/2014,2
1467,01/03/2019,2
1468,06/jul/17,2
1469,05/jan/21,2
1470,01/12/2016 00:00,2
1471,11/12/2014 00:00,2
1472,12/out/17,2
1473,13/jan/15,2
1474,13/dez/16,2
1475,11/out/11,2
1476,23/ago/17,2
1477,22/10/2019 00:00,2
1478,30/abr/11,2
1479,22/dez/09,2
1480,11/nov/14,2
1481,13/ago/08,2
1482,30/dez/01,2
1483,05/abr/18,2
1484,13/09/2019 00:00,2
1485,22/abr/10,2
1486,13/12/2018,2
1487,13/12/2016,2
1488,30/jul/14,2
1489,06/07/2017 00:00,2
1490,11/jun/14,2
1491,22/12/2009 00:00,2
1492,06/07/2018,2
1493,23/12/2016,2
1494,30/jun/15,2
1495,05/ago/19,2
1496,11/set/09,2
1497,30/09/2019 00:00,2
1498,13/08/2008 00:00,2
1499,06/12/2019 00:00,2
1500,11/12/2018 00:00,2
1501,14/04/2008 00:00,2
1502,06/12/2019,2
1503,01/12/2014 00:00,2
1504,14/02/2019,2
1505,01/11/2019 00:00,2
1506,30/10/2015 00:00,2
1507,11/dez/14,2
1508,20/mai/04,2
1509,12/01/2018,2
1510,30/10/2019 00:00,2
1511,01/11/2011,2
1512,13/set/10,2
1513,13/nov/17,2
1514,13/07/2018 00:00,2
1515,11/set/19,2
1516,11/set/15,2
1517,11/set/10,2
1518,05/12/2013,2
1519,30/12/2001 00:00,2
1520,30/03/2019,2
1521,06/07/2019,2
1522,29/dez/17,2
1523,05/09/2017,2
1524,15/03/2011 00:00,2
1525,24/06/2010 00:00,2
1526,21/07/2012,2
1527,05/out/18,2
1528,31/out/13,2
1529,20/out/17,2
1530,24/08/2017 00:00,2
1531,23/04/2009 00:00,2
1532,24/05/2019,2
1533,29/dez/15,2
1534,12/dez/12,2
1535,12/11/2018 00:00,2
1536,10/set/10,2
1537,24/05/2012 00:00,2
1538,10/set/19,2
1539,11/01/2012,2
1540,23/08/2019,2
1541,23/08/2017 00:00,2
1542,07/02/2014 00:00,2
1543,10/nov/15,2
1544,29/12/2015 00:00,2
1545,07/04/2016,2
1546,15/08/1987 00:00,2
1547,15/07/2009,2
1548,23/04/2019,2
1549,07/05/2002 00:00,2
1550,05/08/2015 00:00,2
1551,23/05/2019,2
1552,10/mai/11,2
1553,21/dez/11,2
1554,12/08/2011 00:00,2
1555,15/05/2018 00:00,2
1556,29/09/2017 00:00,2
1557,10/mai/16,2
1558,24/06/2017,2
1559,12/12/2017 00:00,2
1560,12/12/2018 00:00,2
1561,12/dez/16,2
1562,21/02/2015,2
1563,05/set/14,2
1564,29/jun/16,2
1565,12/09/2019,2
1566,24/03/2017,2
1567,24/09/2010 00:00,2
1568,15/10/2011 00:00,2
1569,12/09/2019 00:00,2
1570,06/jun/19,2
1571,07/06/2014 00:00,2
1572,07/01/2014,2
1573,15/10/2009 00:00,2
1574,21/12/2015 00:00,2
1575,21/10/2015 00:00,2
1576,05/10/2012 00:00,2
1577,06/nov/14,2
1578,06/nov/18,2
1579,29/08/2019,2
1580,05/out/07,2
1581,12/nov/18,2
1582,14/out/15,2
1583,06/set/18,2
1584,31/08/2019,2
1585,05/mai/11,2
1586,29/set/21,2
1587,23/03/2013,2
1588,05/06/2018,2
1589,31/10/2013 00:00,2
1590,10/dez/07,2
1591,04/08/2010 00:00,1
1592,23/08/2012 00:00,1
1593,04/08/2017 00:00,1
1594,04/09/2012 00:00,1
1595,05/mar/12,1
1596,23/12/2008 00:00,1
1597,25/09/2020,1
1598,04/12/2015 00:00,1
1599,23/07/2013 00:00,1
1600,25/09/2020 00:00,1
1601,23/12/2010 00:00,1
1602,04/ago/10,1
1603,04/08/2014 00:00,1
1604,26/05/2021,1
1605,04/12/2008 00:00,1
1606,25/10/2003 00:00,1
1607,05/mar/18,1
1608,04/ago/94,1
1609,26/06/2012 00:00,1
1610,23/12/2015,1
1611,23/12/2014 00:00,1
1612,05/ago/10,1
1613,04/dez/08,1
1614,05/mar/16,1
1615,25/10/2011 00:00,1
1616,04/ago/09,1
1617,25/set/13,1
1618,25/fev/16,1
1619,05/fev/11,1
1620,23/08/2013 00:00,1
1621,05/jan/11,1
1622,23/10/2009 00:00,1
1623,23/09/1995 00:00,1
1624,25/mar/10,1
1625,25/nov/09,1
1626,05/jan/96,1
1627,25/nov/15,1
1628,25/09/2019 00:00,1
1629,04/10/2016 00:00,1
1630,25/set/20,1
1631,05/mai/04,1
1632,25/out/03,1
1633,05/jun/19,1
1634,23/09/2019 00:00,1
1635,25/out/11,1
1636,23/09/2014 00:00,1
1637,25/set/19,1
1638,05/jul/11,1
1639,25/set/18,1
1640,23/10/2012 00:00,1
1641,26/02/2013 00:00,1
1642,05/jan/08,1
1643,23/11/2015 00:00,1
1644,05/mai/21,1
1645,26/04/2016 00:00,1
1646,25/11/2015 00:00,1
1647,23/11/2021,1
1648,25/11/2016 00:00,1
1649,25/abr/18,1
1650,25/ago/15,1
1651,23/11/2018 00:00,1
1652,26/03/2013 00:00,1
1653,23/10/2019 00:00,1
1654,04/09/2018 00:00,1
1655,04/09/2019 00:00,1
1656,23/11/2011 00:00,1
1657,05/fev/19,1
1658,26/02/2018 00:00,1
1659,23/10/2021,1
1660,23/08/2018 00:00,1
1661,04/11/2011 00:00,1
1662,24/09/2016 00:00,1
1663,04/out/16,1
1664,23/12/2015 00:00,1
1665,24/05/2019 00:00,1
1666,24/abr/21,1
1667,05/09/2014 00:00,1
1668,24/ago/13,1
1669,24/04/2021,1
1670,24/04/2014 00:00,1
1671,05/09/2017 00:00,1
1672,05/02/2019 00:00,1
1673,24/dez/19,1
1674,24/04/2009 00:00,1
1675,05/10/1994 00:00,1
1676,24/04/2008 00:00,1
1677,05/10/2011 00:00,1
1678,24/jan/96,1
1679,24/jul/12,1
1680,05/10/2018,1
1681,05/02/2011 00:00,1
1682,05/10/2021,1
1683,05/10/2022,1
1684,24/02/2016 00:00,1
1685,24/01/2020 00:00,1
1686,24/mai/19,1
1687,05/01/2022,1
1688,24/01/2012 00:00,1
1689,24/nov/11,1
1690,24/nov/14,1
1691,05/11/2018 00:00,1
1692,24/out/14,1
1693,24/01/1996 00:00,1
1694,05/11/2020,1
1695,24/abr/14,1
1696,24/05/2022,1
1697,24/out/15,1
1698,24/06/2008,1
1699,05/05/2016 00:00,1
1700,05/05/2015,1
1701,05/05/2021,1
1702,24/09/2011 00:00,1
1703,05/06/2018 00:00,1
1704,24/10/2015 00:00,1
1705,05/05/2004 00:00,1
1706,24/09/2007 00:00,1
1707,24/10/2018 00:00,1
1708,05/06/2019 00:00,1
1709,24/10/2020,1
1710,05/07/2011 00:00,1
1711,24/10/2020 00:00,1
1712,05/04/2022,1
1713,05/07/2019 00:00,1
1714,05/08/2010 00:00,1
1715,24/07/2019 00:00,1
1716,05/04/2011 00:00,1
1717,24/07/2019,1
1718,24/11/2014 00:00,1
1719,24/07/2012 00:00,1
1720,05/03/2016 00:00,1
1721,05/03/1996 00:00,1
1722,24/06/2015 00:00,1
1723,24/12/2019,1
1724,24/12/2019 00:00,1
1725,24/12/2021,1
1726,24/12/2022,1
1727,24/abr/08,1
1728,23/set/95,1
1729,24/out/18,1
1730,25/09/2014 00:00,1
1731,23/jul/09,1
1732,04/nov/11,1
1733,23/jan/03,1
1734,25/05/2015 00:00,1
1735,04/mar/20,1
1736,25/05/2022,1
1737,05/abr/11,1
1738,23/fev/15,1
1739,23/dez/15,1
1740,23/dez/14,1
1741,23/dez/10,1
1742,04/mar/11,1
1743,23/dez/08,1
1744,23/ago/19,1
1745,04/mai/92,1
1746,04/jun/18,1
1747,25/07/2007 00:00,1
1748,04/jun/11,1
1749,23/ago/13,1
1750,23/ago/12,1
1751,04/fev/21,1
1752,25/08/2015 00:00,1
1753,23/abr/18,1
1754,23/abr/09,1
1755,23/abr/07,1
1756,23/12/2021,1
1757,23/12/2016 00:00,1
1758,04/dez/19,1
1759,25/09/2013 00:00,1
1760,04/dez/15,1
1761,23/jan/14,1
1762,04/nov/14,1
1763,23/set/19,1
1764,04/out/10,1
1765,24/out/20,1
1766,24/set/07,1
1767,23/set/14,1
1768,24/set/11,1
1769,23/out/21,1
1770,24/set/20,1
1771,23/out/19,1
1772,05/01/2011 00:00,1
1773,23/out/12,1
1774,05/01/2008 00:00,1
1775,25/02/2013 00:00,1
1776,23/out/09,1
1777,23/nov/21,1
1778,23/nov/18,1
1779,25/02/2016 00:00,1
1780,25/02/2022,1
1781,23/nov/11,1
1782,23/mar/91,1
1783,05/01/1996 00:00,1
1784,23/mai/19,1
1785,04/set/12,1
1786,04/out/18,1
1787,23/mai/16,1
1788,23/jun/21,1
1789,23/jun/15,1
1790,23/jun/10,1
1791,25/03/2022,1
1792,23/jul/13,1
1793,25/04/2011 00:00,1
1794,26/06/2015 00:00,1
1795,03/12/2013,1
1796,04/08/2009 00:00,1
1797,02/04/2019 00:00,1
1798,30/03/2019 00:00,1
1799,30/03/2016 00:00,1
1800,01/jul/15,1
1801,30/01/2015 00:00,1
1802,01/jul/92,1
1803,29/set/17,1
1804,29/set/11,1
1805,29/set/09,1
1806,29/out/18,1
1807,01/jun/19,1
1808,29/nov/13,1
1809,01/mai/03,1
1810,29/mai/98,1
1811,29/mai/20,1
1812,29/mai/15,1
1813,29/mai/08,1
1814,29/jun/91,1
1815,29/jun/18,1
1816,29/jun/15,1
1817,29/jun/10,1
1818,29/jun/09,1
1819,01/jan/19,1
1820,30/04/2008 00:00,1
1821,01/fev/18,1
1822,01/dez/14,1
1823,30/07/2014 00:00,1
1824,01/ago/08,1
1825,30/07/2012,1
1826,30/07/2008 00:00,1
1827,01/ago/13,1
1828,30/06/2017 00:00,1
1829,01/ago/90,1
1830,01/dez/08,1
1831,30/06/2011 00:00,1
1832,30/06/2010 00:00,1
1833,30/04/2010 00:00,1
1834,01/dez/16,1
1835,30/06/2009 00:00,1
1836,01/dez/17,1
1837,30/05/2019 00:00,1
1838,30/05/2008 00:00,1
1839,01/dez/18,1
1840,30/05/2003 00:00,1
1841,01/dez/88,1
1842,01/fev/08,1
1843,29/jul/15,1
1844,29/jul/14,1
1845,29/jul/10,1
1846,29/08/2009 00:00,1
1847,01/out/19,1
1848,29/09/2011 00:00,1
1849,01/set/08,1
1850,29/09/2009 00:00,1
1851,01/set/09,1
1852,29/08/2019 00:00,1
1853,29/08/2017 00:00,1
1854,01/set/12,1
1855,01/set/15,1
1856,01/set/17,1
1857,29/10/2018 00:00,1
1858,29/08/2008 00:00,1
1859,02/02/2021,1
1860,29/07/2019 00:00,1
1861,29/07/2015 00:00,1
1862,02/03/2012 00:00,1
1863,02/04/2014 00:00,1
1864,29/07/2010 00:00,1
1865,02/04/2019,1
1866,29/06/2022,1
1867,29/09/2021,1
1868,01/out/14,1
1869,29/jan/15,1
1870,29/abr/10,1
1871,29/jan/14,1
1872,29/fev/20,1
1873,29/dez/11,1
1874,29/ago/19,1
1875,29/ago/17,1
1876,29/ago/09,1
1877,29/ago/08,1
1878,29/abr/21,1
1879,29/abr/20,1
1880,29/abr/09,1
1881,01/out/11,1
1882,29/12/2017 00:00,1
1883,01/mar/16,1
1884,01/mar/19,1
1885,29/12/2012 00:00,1
1886,01/mar/85,1
1887,29/12/2011 00:00,1
1888,01/mar/91,1
1889,29/11/2019 00:00,1
1890,01/out/10,1
1891,30/07/2021,1
1892,01/abr/16,1
1893,30/08/2012 00:00,1
1894,01/07/1992 00:00,1
1895,01/03/1985 00:00,1
1896,31/07/2019 00:00,1
1897,01/03/2016 00:00,1
1898,31/07/2007 00:00,1
1899,31/05/2018 00:00,1
1900,01/03/2019 00:00,1
1901,01/04/2009 00:00,1
1902,01/04/2016 00:00,1
1903,01/05/2003 00:00,1
1904,31/01/2019 00:00,1
1905,01/02/2022,1
1906,01/07/2010 00:00,1
1907,31/01/2018 00:00,1
1908,01/07/2015 00:00,1
1909,01/08/1990 00:00,1
1910,01/08/2008 00:00,1
1911,31/01/1997 00:00,1
1912,01/08/2012 00:00,1
1913,01/08/2013,1
1914,30/set/19,1
1915,31/08/2019 00:00,1
1916,01/02/2021,1
1917,30/out/96,1
1918,31/jul/07,1
1919,31/out/19,1
1920,31/out/18,1
1921,31/out/16,1
1922,31/mar/09,1
1923,31/mai/18,1
1924,01/01/2001 00:00,1
1925,01/01/2019 00:00,1
1926,31/jul/19,1
1927,31/jul/09,1
1928,31/jan/97,1
1929,01/02/2018 00:00,1
1930,31/jan/19,1
1931,31/jan/18,1
1932,31/dez/08,1
1933,31/ago/19,1
1934,31/ago/16,1
1935,31/12/2008 00:00,1
1936,01/02/2008 00:00,1
1937,31/10/2018 00:00,1
1938,01/02/2011 00:00,1
1939,30/set/08,1
1940,30/out/19,1
1941,01/abr/08,1
1942,30/11/2010 00:00,1
1943,30/12/2015 00:00,1
1944,01/09/2012 00:00,1
1945,30/12/2014 00:00,1
1946,01/09/2014 00:00,1
1947,01/09/2015 00:00,1
1948,01/09/2017 00:00,1
1949,01/10/2010 00:00,1
1950,30/11/2011 00:00,1
1951,01/10/2011 00:00,1
1952,01/10/2014 00:00,1
1953,30/12/2017 00:00,1
1954,30/10/2018 00:00,1
1955,30/10/2017 00:00,1
1956,01/12/1988 00:00,1
1957,30/10/2009 00:00,1
1958,01/12/2008 00:00,1
1959,30/10/1996 00:00,1
1960,30/09/2021,1
1961,30/09/2014 00:00,1
1962,01/12/2018 00:00,1
1963,01/09/2009 00:00,1
1964,30/abr/08,1
1965,30/out/15,1
1966,30/jun/17,1
1967,30/out/12,1
1968,30/out/09,1
1969,30/nov/21,1
1970,30/nov/11,1
1971,01/08/2013 00:00,1
1972,30/mar/19,1
1973,30/mar/16,1
1974,30/mai/19,1
1975,30/mai/03,1
1976,30/jun/16,1
1977,30/ago/12,1
1978,30/jun/11,1
1979,30/jun/10,1
1980,30/jun/09,1
1981,30/jul/21,1
1982,30/jul/08,1
1983,30/jan/15,1
1984,30/dez/17,1
1985,30/dez/14,1
1986,01/09/2008 00:00,1
1987,29/06/2018 00:00,1
1988,29/06/2015 00:00,1
1989,26/07/2007 00:00,1
1990,29/06/2010 00:00,1
1991,27/10/2014 00:00,1
1992,03/abr/18,1
1993,27/10/2013 00:00,1
1994,27/09/2018 00:00,1
1995,03/ago/18,1
1996,27/08/2021,1
1997,03/dez/15,1
1998,03/fev/85,1
1999,03/jul/19,1
2000,03/jun/10,1
2001,03/jun/14,1
2002,03/jun/16,1
2003,27/06/2012 00:00,1
2004,03/jun/21,1
2005,03/mai/07,1
2006,27/05/2022,1
2007,03/mai/11,1
2008,27/05/2009 00:00,1
2009,03/mar/18,1
2010,27/05/2008 00:00,1
2011,03/mar/21,1
2012,27/10/2016 00:00,1
2013,03/12/2015 00:00,1
2014,27/11/2002 00:00,1
2015,27/ago/21,1
2016,27/out/13,1
2017,27/nov/20,1
2018,27/nov/19,1
2019,27/nov/02,1
2020,27/mai/09,1
2021,27/mai/08,1
2022,27/jun/19,1
2023,27/dez/17,1
2024,27/dez/13,1
2025,27/ago/10,1
2026,23/07/2009 00:00,1
2027,27/abr/18,1
2028,27/abr/17,1
2029,27/abr/16,1
2030,27/12/2017 00:00,1
2031,03/10/2019 00:00,1
2032,27/12/2014,1
2033,27/12/2013 00:00,1
2034,03/11/2008 00:00,1
2035,03/11/2010 00:00,1
2036,03/nov/08,1
2037,27/04/2016 00:00,1
2038,03/nov/09,1
2039,04/03/2016 00:00,1
2040,04/02/2019 00:00,1
2041,04/02/2021,1
2042,26/11/2014 00:00,1
2043,04/03/2010 00:00,1
2044,26/11/2009 00:00,1
2045,04/03/2011 00:00,1
2046,26/10/2022,1
2047,26/10/2019 00:00,1
2048,26/10/2018 00:00,1
2049,04/03/2020,1
2050,26/ago/09,1
2051,26/09/2019 00:00,1
2052,26/08/2021,1
2053,26/08/2014 00:00,1
2054,26/08/2010 00:00,1
2055,04/05/1992 00:00,1
2056,26/08/2009 00:00,1
2057,04/06/2009,1
2058,04/06/2018 00:00,1
2059,04/08/1994 00:00,1
2060,26/abr/16,1
2061,26/ago/10,1
2062,03/nov/10,1
2063,26/out/18,1
2064,03/out/11,1
2065,03/out/13,1
2066,03/out/19,1
2067,04/01/2014 00:00,1
2068,27/01/2015,1
2069,27/01/2014 00:00,1
2070,04/02/2016 00:00,1
2071,26/set/19,1
2072,26/out/19,1
2073,26/nov/19,1
2074,26/ago/14,1
2075,26/nov/09,1
2076,26/mar/13,1
2077,26/jun/18,1
2078,26/jun/15,1
2079,26/fev/18,1
2080,26/fev/16,1
2081,26/fev/13,1
2082,26/dez/12,1
2083,26/ago/21,1
2084,27/out/16,1
2085,27/set/18,1
2086,28/01/2016 00:00,1
2087,28/dez/19,1
2088,28/out/15,1
2089,28/out/08,1
2090,02/09/2013 00:00,1
2091,28/nov/08,1
2092,28/mai/02,1
2093,28/jun/08,1
2094,28/jul/20,1
2095,28/jul/10,1
2096,28/jan/16,1
2097,02/09/2019 00:00,1
2098,28/set/12,1
2099,28/dez/12,1
2100,28/dez/07,1
2101,28/dez/01,1
2102,02/10/2019 00:00,1
2103,28/ago/12,1
2104,28/abr/11,1
2105,28/12/2019 00:00,1
2106,28/12/2015 00:00,1
2107,28/12/2012 00:00,1
2108,28/out/16,1
2109,28/set/17,1
2110,02/ago/18,1
2111,29/04/2021,1
2112,02/05/2019 00:00,1
2113,29/06/2009 00:00,1
2114,02/06/2008 00:00,1
2115,29/06/1991 00:00,1
2116,02/06/2022,1
2117,29/05/2020 00:00,1
2118,02/07/2009 00:00,1
2119,29/05/2008 00:00,1
2120,29/05/1998 00:00,1
2121,29/04/2020,1
2122,28/set/21,1
2123,29/04/2009 00:00,1
2124,02/07/2015 00:00,1
2125,02/07/2019 00:00,1
2126,02/08/2018 00:00,1
2127,29/02/2020 00:00,1
2128,29/02/2020,1
2129,29/01/2015 00:00,1
2130,29/01/2014 00:00,1
2131,02/09/2009 00:00,1
2132,02/abr/19,1
2133,28/12/2001 00:00,1
2134,03/10/2013 00:00,1
2135,03/06/2010 00:00,1
2136,28/07/2020,1
2137,28/07/2015 00:00,1
2138,28/07/2010 00:00,1
2139,03/04/2018 00:00,1
2140,03/05/2007 00:00,1
2141,03/05/2012,1
2142,28/06/2008 00:00,1
2143,28/05/2010,1
2144,28/05/2009 00:00,1
2145,03/06/2014 00:00,1
2146,28/08/2012 00:00,1
2147,28/05/2002 00:00,1
2148,03/06/2016 00:00,1
2149,03/06/2021,1
2150,28/04/2011 00:00,1
2151,03/07/2019 00:00,1
2152,03/08/2018 00:00,1
2153,03/09/2010 00:00,1
2154,03/09/2013 00:00,1
2155,28/02/2014 00:00,1
2156,28/07/2020 00:00,1
2157,28/08/2015,1
2158,02/fev/21,1
2159,28/11/2007 00:00,1
2160,02/jul/15,1
2161,02/jul/19,1
2162,02/jun/08,1
2163,28/11/2018 00:00,1
2164,02/mai/07,1
2165,02/mar/12,1
2166,28/11/2011 00:00,1
2167,28/11/2008 00:00,1
2168,02/out/19,1
2169,02/out/20,1
2170,03/02/1985 00:00,1
2171,28/10/2016 00:00,1
2172,28/10/2015 00:00,1
2173,02/set/11,1
2174,28/10/2008 00:00,1
2175,02/set/13,1
2176,28/09/2021,1
2177,02/set/19,1
2178,03/01/2012 00:00,1
2179,28/09/2012 00:00,1
2180,05/mar/96,1
2181,21/12/2010 00:00,1
2182,05/nov/14,1
2183,16/06/2014 00:00,1
2184,16/06/2011 00:00,1
2185,10/08/2019 00:00,1
2186,10/08/2021,1
2187,16/05/2018 00:00,1
2188,16/05/2018,1
2189,16/05/2017 00:00,1
2190,16/05/2016 00:00,1
2191,16/05/2015 00:00,1
2192,10/09/2014 00:00,1
2193,16/05/2014 00:00,1
2194,10/09/2016 00:00,1
2195,10/10/2011 00:00,1
2196,16/05/2008 00:00,1
2197,10/10/2013 00:00,1
2198,16/04/2012 00:00,1
2199,10/10/2017 00:00,1
2200,16/04/2008 00:00,1
2201,10/11/1995 00:00,1
2202,16/04/1998 00:00,1
2203,10/11/2011 00:00,1
2204,16/04/1997 00:00,1
2205,10/08/2012 00:00,1
2206,10/07/2013 00:00,1
2207,10/jun/19,1
2208,16/06/2015 00:00,1
2209,10/02/2017 00:00,1
2210,10/02/2018 00:00,1
2211,16/10/2012 00:00,1
2212,10/04/2008 00:00,1
2213,10/04/2014 00:00,1
2214,10/04/2015,1
2215,16/09/2021,1
2216,16/09/2015 00:00,1
2217,10/04/2019 00:00,1
2218,16/08/2008 00:00,1
2219,16/08/2002 00:00,1
2220,16/07/2016 00:00,1
2221,10/05/2016 00:00,1
2222,16/07/2014 00:00,1
2223,10/05/2018 00:00,1
2224,16/07/2012,1
2225,10/05/2022,1
2226,16/07/1992 00:00,1
2227,10/06/2016 00:00,1
2228,16/06/2018 00:00,1
2229,10/06/2020 00:00,1
2230,10/11/2015 00:00,1
2231,16/03/2020,1
2232,16/03/2011 00:00,1
2233,10/11/2016 00:00,1
2234,10/abr/19,1
2235,10/ago/12,1
2236,10/ago/19,1
2237,10/ago/21,1
2238,15/09/2014 00:00,1
2239,15/09/2012 00:00,1
2240,10/dez/10,1
2241,15/09/2010 00:00,1
2242,10/dez/11,1
2243,15/09/2009 00:00,1
2244,10/dez/14,1
2245,10/dez/19,1
2246,10/dez/20,1
2247,10/fev/17,1
2248,10/fev/18,1
2249,10/jan/14,1
2250,15/07/2017,1
2251,15/07/2014 00:00,1
2252,10/jul/13,1
2253,15/06/2017 00:00,1
2254,10/jun/16,1
2255,10/abr/15,1
2256,10/abr/14,1
2257,15/11/2008 00:00,1
2258,10/12/2019,1
2259,10/12/2007 00:00,1
2260,10/12/2010 00:00,1
2261,16/01/2019 00:00,1
2262,16/01/2018 00:00,1
2263,10/12/2011 00:00,1
2264,15/set/21,1
2265,15/set/14,1
2266,15/set/10,1
2267,15/out/12,1
2268,15/jun/17,1
2269,10/abr/08,1
2270,15/jul/20,1
2271,15/jul/14,1
2272,15/jan/13,1
2273,15/fev/19,1
2274,15/fev/12,1
2275,15/dez/10,1
2276,15/12/2016 00:00,1
2277,15/12/2010 00:00,1
2278,10/12/2019 00:00,1
2279,16/10/2018 00:00,1
2280,16/10/2019 00:00,1
2281,10/02/2015,1
2282,17/04/2012 00:00,1
2283,09/12/2022,1
2284,17/08/2017 00:00,1
2285,09/abr/15,1
2286,09/ago/11,1
2287,09/ago/12,1
2288,17/07/2014 00:00,1
2289,09/ago/17,1
2290,09/ago/91,1
2291,09/dez/15,1
2292,17/07/2007 00:00,1
2293,09/dez/16,1
2294,17/06/2016 00:00,1
2295,17/06/2008 00:00,1
2296,09/dez/20,1
2297,17/05/2022,1
2298,17/05/2018 00:00,1
2299,09/fev/10,1
2300,17/05/2013 00:00,1
2301,09/fev/12,1
2302,17/05/2011 00:00,1
2303,09/jul/14,1
2304,09/12/2020,1
2305,09/12/2016 00:00,1
2306,17/09/2010 00:00,1
2307,17/12/2012 00:00,1
2308,17/abr/21,1
2309,17/abr/12,1
2310,17/12/2022,1
2311,17/12/2019 00:00,1
2312,17/12/2019,1
2313,17/12/2016 00:00,1
2314,09/10/2015 00:00,1
2315,17/12/2015 00:00,1
2316,17/12/2015,1
2317,17/11/2022,1
2318,09/12/2015 00:00,1
2319,09/10/2019 00:00,1
2320,09/11/2012 00:00,1
2321,17/10/2018 00:00,1
2322,09/11/2017 00:00,1
2323,17/10/1995 00:00,1
2324,09/11/2018 00:00,1
2325,17/09/2019 00:00,1
2326,17/09/2018 00:00,1
2327,17/09/2011 00:00,1
2328,09/jul/15,1
2329,17/03/2016 00:00,1
2330,16/11/2007 00:00,1
2331,17/03/2014 00:00,1
2332,16/jul/16,1
2333,16/jul/14,1
2334,16/jul/08,1
2335,16/jan/19,1
2336,16/fev/09,1
2337,09/nov/18,1
2338,16/ago/02,1
2339,16/abr/98,1
2340,16/abr/97,1
2341,16/abr/18,1
2342,16/abr/12,1
2343,16/abr/08,1
2344,09/out/07,1
2345,16/12/2015,1
2346,09/out/14,1
2347,09/out/15,1
2348,09/out/18,1
2349,09/out/19,1
2350,09/set/09,1
2351,16/11/2018 00:00,1
2352,09/set/21,1
2353,16/jul/92,1
2354,16/jun/11,1
2355,16/jun/14,1
2356,09/mar/21,1
2357,09/mai/11,1
2358,09/mai/13,1
2359,17/02/2017 00:00,1
2360,09/mai/15,1
2361,17/02/2009 00:00,1
2362,17/01/2018 00:00,1
2363,17/01/2015,1
2364,17/01/2012 00:00,1
2365,17/01/1990 00:00,1
2366,16/set/21,1
2367,16/jun/15,1
2368,16/out/18,1
2369,16/nov/18,1
2370,16/mar/11,1
2371,16/mai/18,1
2372,16/mai/16,1
2373,16/mai/15,1
2374,16/mai/14,1
2375,16/mai/08,1
2376,16/jun/18,1
2377,15/06/2016 00:00,1
2378,10/jun/20,1
2379,17/dez/12,1
2380,11/jun/09,1
2381,11/jun/10,1
2382,13/12/2007 00:00,1
2383,11/jun/13,1
2384,13/11/2019,1
2385,13/11/2017 00:00,1
2386,11/mar/12,1
2387,11/mar/16,1
2388,11/mar/17,1
2389,11/nov/10,1
2390,13/09/2017 00:00,1
2391,11/nov/16,1
2392,13/08/2012 00:00,1
2393,11/out/19,1
2394,13/08/2010 00:00,1
2395,13/08/1997 00:00,1
2396,12/01/2013,1
2397,12/01/2018 00:00,1
2398,12/01/2022,1
2399,12/02/1988 00:00,1
2400,13/06/2016 00:00,1
2401,12/03/2011 00:00,1
2402,13/12/2011 00:00,1
2403,13/12/2012 00:00,1
2404,10/mai/18,1
2405,11/jul/85,1
2406,13/mar/14,1
2407,13/mar/10,1
2408,13/mai/16,1
2409,13/mai/10,1
2410,11/fev/11,1
2411,13/jul/18,1
2412,13/jan/14,1
2413,11/fev/14,1
2414,13/fev/14,1
2415,13/dez/14,1
2416,13/dez/13,1
2417,13/dez/12,1
2418,13/dez/07,1
2419,13/ago/97,1
2420,13/ago/10,1
2421,13/abr/19,1
2422,13/abr/18,1
2423,13/abr/11,1
2424,13/12/2018 00:00,1
2425,13/12/2016 00:00,1
2426,13/12/2014 00:00,1
2427,13/06/2008,1
2428,12/03/2014 00:00,1
2429,13/04/2019 00:00,1
2430,13/04/2018 00:00,1
2431,12/jul/85,1
2432,12/jul/16,1
2433,12/jul/13,1
2434,12/fev/88,1
2435,12/07/2016 00:00,1
2436,12/dez/14,1
2437,12/dez/09,1
2438,12/ago/11,1
2439,12/abr/16,1
2440,12/abr/07,1
2441,12/12/2016 00:00,1
2442,12/12/2014 00:00,1
2443,12/08/2016,1
2444,12/12/2012 00:00,1
2445,12/09/2014 00:00,1
2446,12/12/2009 00:00,1
2447,12/09/2018 00:00,1
2448,12/11/2022,1
2449,12/11/2015 00:00,1
2450,12/11/2014 00:00,1
2451,12/10/2006 00:00,1
2452,12/jun/02,1
2453,12/mai/12,1
2454,12/mai/20,1
2455,13/02/2015 00:00,1
2456,13/04/2016 00:00,1
2457,13/04/2011 00:00,1
2458,12/03/2015,1
2459,12/03/2015 00:00,1
2460,13/03/2014 00:00,1
2461,13/03/2010 00:00,1
2462,12/04/2016 00:00,1
2463,13/03/1992 00:00,1
2464,12/04/2017,1
2465,13/02/2014 00:00,1
2466,12/mar/11,1
2467,12/05/2012 00:00,1
2468,12/05/2020,1
2469,12/05/2020 00:00,1
2470,12/06/2002 00:00,1
2471,12/07/1985 00:00,1
2472,13/01/2014 00:00,1
2473,12/07/2013 00:00,1
2474,12/nov/91,1
2475,12/mar/15,1
2476,13/mar/15,1
2477,13/mar/92,1
2478,13/nov/13,1
2479,11/03/2015,1
2480,14/jun/17,1
2481,14/jun/12,1
2482,14/jul/11,1
2483,14/jul/09,1
2484,14/jan/87,1
2485,14/jan/17,1
2486,14/jan/14,1
2487,14/fev/19,1
2488,14/dez/20,1
2489,14/dez/17,1
2490,14/dez/16,1
2491,14/dez/12,1
2492,14/abr/18,1
2493,14/abr/10,1
2494,14/abr/08,1
2495,14/12/2017 00:00,1
2496,11/01/2018 00:00,1
2497,14/12/2012 00:00,1
2498,11/02/2011 00:00,1
2499,11/02/2022,1
2500,11/03/2012 00:00,1
2501,14/mai/09,1
2502,14/mai/16,1
2503,14/mai/18,1
2504,10/set/09,1
2505,15/04/2022,1
2506,15/03/2013,1
2507,10/nov/16,1
2508,10/out/11,1
2509,10/out/17,1
2510,15/02/2022,1
2511,15/02/2019 00:00,1
2512,10/set/03,1
2513,15/02/2012 00:00,1
2514,10/set/16,1
2515,14/mai/21,1
2516,15/01/2013 00:00,1
2517,11/01/2017,1
2518,14/set/11,1
2519,14/set/09,1
2520,14/out/16,1
2521,14/nov/15,1
2522,14/nov/13,1
2523,14/mar/18,1
2524,14/mar/11,1
2525,14/11/2015 00:00,1
2526,11/03/2016 00:00,1
2527,11/dez/18,1
2528,14/11/2013 00:00,1
2529,14/05/2021,1
2530,14/05/2016 00:00,1
2531,11/10/2019 00:00,1
2532,11/11/2010 00:00,1
2533,14/05/2009 00:00,1
2534,14/04/2022,1
2535,11/12/2017 00:00,1
2536,14/04/2010 00:00,1
2537,11/12/2019 00:00,1
2538,14/03/2018 00:00,1
2539,11/abr/03,1
2540,14/03/2011 00:00,1
2541,11/abr/17,1
2542,14/02/2019 00:00,1
2543,14/01/2017 00:00,1
2544,11/ago/11,1
2545,14/01/2014 00:00,1
2546,11/dez/15,1
2547,14/01/1987 00:00,1
2548,11/dez/17,1
2549,13/set/17,1
2550,11/10/2011 00:00,1
2551,14/06/2012 00:00,1
2552,14/06/2017 00:00,1
2553,11/06/2009 00:00,1
2554,14/10/2021,1
2555,14/10/2019 00:00,1
2556,14/10/2016 00:00,1
2557,11/03/2020 00:00,1
2558,11/03/2022,1
2559,11/04/2003 00:00,1
2560,14/09/2011 00:00,1
2561,11/04/2017 00:00,1
2562,14/09/2009 00:00,1
2563,14/08/2018 00:00,1
2564,11/09/2009 00:00,1
2565,11/06/2010 00:00,1
2566,11/06/2013 00:00,1
2567,11/06/2022,1
2568,11/07/1985 00:00,1
2569,14/07/2014 00:00,1
2570,11/08/2007 00:00,1
2571,14/07/2011 00:00,1
2572,11/08/2011 00:00,1
2573,14/07/2009 00:00,1
2574,17/ago/17,1
2575,17/dez/16,1
2576,23/06/2021,1
2577,20/out/84,1
2578,20/out/10,1
2579,20/out/07,1
2580,20/nov/21,1
2581,20/nov/19,1
2582,20/nov/15,1
2583,20/mar/20,1
2584,20/mai/09,1
2585,20/mai/08,1
2586,20/jun/16,1
2587,20/jun/13,1
2588,20/jul/17,1
2589,07/06/2022,1
2590,20/jan/12,1
2591,20/jan/10,1
2592,20/fev/20,1
2593,20/dez/18,1
2594,07/07/2015 00:00,1
2595,20/dez/13,1
2596,20/dez/12,1
2597,20/ago/20,1
2598,20/ago/19,1
2599,20/out/14,1
2600,20/set/21,1
2601,20/03/2019 00:00,1
2602,07/05/2014 00:00,1
2603,06/nov/08,1
2604,06/set/11,1
2605,21/09/2016 00:00,1
2606,21/08/2018 00:00,1
2607,21/08/2010,1
2608,21/08/2008 00:00,1
2609,07/01/2020,1
2610,21/07/2021,1
2611,21/07/2015 00:00,1
2612,21/07/2014 00:00,1
2613,07/01/2020 00:00,1
2614,21/07/2011 00:00,1
2615,07/02/2008 00:00,1
2616,07/03/2014 00:00,1
2617,21/06/2013 00:00,1
2618,07/03/2016 00:00,1
2619,07/03/2018 00:00,1
2620,07/03/2019 00:00,1
2621,07/03/2020 00:00,1
2622,07/04/2010 00:00,1
2623,07/05/1992 00:00,1
2624,20/ago/16,1
2625,20/ago/14,1
2626,20/abr/17,1
2627,20/12/2018 00:00,1
2628,20/08/2014 00:00,1
2629,07/12/2016 00:00,1
2630,07/abr/16,1
2631,20/07/2017 00:00,1
2632,07/ago/12,1
2633,20/07/2016 00:00,1
2634,07/ago/18,1
2635,07/ago/97,1
2636,07/dez/15,1
2637,07/dez/16,1
2638,20/06/2016 00:00,1
2639,20/06/2013 00:00,1
2640,07/fev/08,1
2641,20/05/2017 00:00,1
2642,20/05/2011 00:00,1
2643,07/jan/20,1
2644,20/05/2009 00:00,1
2645,07/mai/14,1
2646,07/mai/92,1
2647,07/mar/14,1
2648,07/mar/19,1
2649,20/08/2015 00:00,1
2650,07/12/2015 00:00,1
2651,20/08/2019 00:00,1
2652,20/11/2015 00:00,1
2653,07/08/1997 00:00,1
2654,20/12/2013 00:00,1
2655,07/08/2009 00:00,1
2656,07/08/2012 00:00,1
2657,07/08/2014 00:00,1
2658,07/08/2015 00:00,1
2659,07/08/2018 00:00,1
2660,20/11/2021,1
2661,20/11/2019 00:00,1
2662,20/10/2022,1
2663,07/11/2019 00:00,1
2664,20/10/2021,1
2665,20/10/2017 00:00,1
2666,20/10/2010 00:00,1
2667,20/10/2007 00:00,1
2668,07/11/2013 00:00,1
2669,20/10/1984 00:00,1
2670,20/09/2013 00:00,1
2671,07/11/2018 00:00,1
2672,20/09/2010 00:00,1
2673,06/mar/21,1
2674,12/11/1991 00:00,1
2675,06/mar/18,1
2676,06/08/2019,1
2677,22/mar/12,1
2678,22/mai/18,1
2679,22/mai/12,1
2680,22/jun/18,1
2681,22/jun/10,1
2682,22/jul/19,1
2683,22/jan/13,1
2684,22/fev/11,1
2685,22/fev/07,1
2686,22/dez/20,1
2687,22/dez/18,1
2688,22/dez/13,1
2689,22/ago/09,1
2690,22/12/2020,1
2691,06/06/2019 00:00,1
2692,22/11/2022,1
2693,06/07/2019 00:00,1
2694,06/07/2021,1
2695,22/11/2013 00:00,1
2696,06/08/2004 00:00,1
2697,22/11/2012 00:00,1
2698,22/nov/07,1
2699,22/out/11,1
2700,22/out/19,1
2701,05/out/94,1
2702,23/06/2015 00:00,1
2703,05/nov/20,1
2704,05/out/11,1
2705,05/out/12,1
2706,23/05/2016 00:00,1
2707,23/04/2021,1
2708,23/04/2019 00:00,1
2709,23/04/2018 00:00,1
2710,05/out/21,1
2711,23/03/2022,1
2712,06/06/2017 00:00,1
2713,06/02/2010 00:00,1
2714,23/03/1991 00:00,1
2715,06/02/2021,1
2716,06/03/2015 00:00,1
2717,06/03/2021,1
2718,06/04/1988 00:00,1
2719,23/02/2015 00:00,1
2720,23/01/2014 00:00,1
2721,23/01/2003 00:00,1
2722,06/08/2013 00:00,1
2723,06/08/2019 00:00,1
2724,21/12/2011 00:00,1
2725,06/08/2022,1
2726,06/fev/10,1
2727,22/02/2011 00:00,1
2728,06/fev/21,1
2729,22/02/2007 00:00,1
2730,22/01/2013 00:00,1
2731,22/01/2009,1
2732,21/set/16,1
2733,21/mai/18,1
2734,21/jun/16,1
2735,21/jun/13,1
2736,21/jul/21,1
2737,21/jul/14,1
2738,21/jul/11,1
2739,21/jan/09,1
2740,06/jul/21,1
2741,06/jun/08,1
2742,06/jun/17,1
2743,21/dez/10,1
2744,21/ago/18,1
2745,21/12/2017 00:00,1
2746,06/mar/15,1
2747,22/03/2011 00:00,1
2748,22/03/2012 00:00,1
2749,22/04/2010 00:00,1
2750,06/09/2019 00:00,1
2751,22/10/2015,1
2752,22/10/2011 00:00,1
2753,06/09/2011 00:00,1
2754,06/09/2018,1
2755,22/09/2007,1
2756,22/08/2009 00:00,1
2757,06/09/2018 00:00,1
2758,22/07/2019 00:00,1
2759,22/07/2013 00:00,1
2760,06/11/2008 00:00,1
2761,06/dez/13,1
2762,22/06/2018 00:00,1
2763,06/11/2018 00:00,1
2764,22/06/2012,1
2765,06/12/2013 00:00,1
2766,22/06/2010 00:00,1
2767,06/ago/04,1
2768,22/05/2015 00:00,1
2769,22/05/2012 00:00,1
2770,06/ago/13,1
2771,20/03/2020 00:00,1
2772,07/nov/13,1
2773,17/dez/19,1
2774,08/jul/15,1
2775,08/jul/17,1
2776,08/jun/21,1
2777,08/mai/15,1
2778,08/mar/16,1
2779,18/10/2019 00:00,1
2780,08/nov/11,1
2781,08/out/07,1
2782,18/10/2007 00:00,1
2783,08/out/10,1
2784,18/09/2021,1
2785,18/09/2018 00:00,1
2786,08/out/11,1
2787,18/09/2015 00:00,1
2788,18/09/2012 00:00,1
2789,08/out/13,1
2790,08/set/14,1
2791,18/08/2015 00:00,1
2792,18/08/2011 00:00,1
2793,18/08/2010 00:00,1
2794,09/02/2012 00:00,1
2795,09/03/2021,1
2796,18/11/2017 00:00,1
2797,18/11/2022,1
2798,20/01/2012 00:00,1
2799,08/jul/14,1
2800,18/mai/15,1
2801,18/mai/10,1
2802,18/jun/16,1
2803,18/jun/10,1
2804,18/jun/07,1
2805,18/jul/19,1
2806,18/jul/12,1
2807,18/jan/14,1
2808,18/fev/16,1
2809,18/fev/15,1
2810,18/fev/08,1
2811,18/dez/18,1
2812,18/ago/15,1
2813,18/ago/11,1
2814,18/ago/10,1
2815,18/abr/11,1
2816,08/dez/17,1
2817,08/fev/12,1
2818,08/fev/14,1
2819,08/fev/18,1
2820,08/fev/20,1
2821,18/07/2019 00:00,1
2822,09/04/2008,1
2823,18/07/2012 00:00,1
2824,09/04/2010 00:00,1
2825,09/08/2017 00:00,1
2826,17/set/18,1
2827,17/set/11,1
2828,17/set/10,1
2829,17/out/95,1
2830,09/09/2009 00:00,1
2831,17/nov/17,1
2832,09/09/2014 00:00,1
2833,17/mai/18,1
2834,17/mai/16,1
2835,17/mai/13,1
2836,17/mai/11,1
2837,17/jun/16,1
2838,17/jun/08,1
2839,17/jul/17,1
2840,09/09/2015,1
2841,09/09/2021,1
2842,17/jul/07,1
2843,17/jan/90,1
2844,17/jan/18,1
2845,09/10/2014 00:00,1
2846,18/01/2014 00:00,1
2847,18/01/2019,1
2848,18/02/2008 00:00,1
2849,09/06/2015 00:00,1
2850,09/04/2012,1
2851,18/06/2016 00:00,1
2852,09/04/2015 00:00,1
2853,18/06/2010 00:00,1
2854,09/05/2011 00:00,1
2855,09/05/2013 00:00,1
2856,18/06/2007 00:00,1
2857,09/05/2015 00:00,1
2858,18/05/2010 00:00,1
2859,18/04/2012 00:00,1
2860,09/08/2011 00:00,1
2861,09/07/2014 00:00,1
2862,09/07/2015 00:00,1
2863,09/07/2016 00:00,1
2864,18/03/2011 00:00,1
2865,09/07/2021,1
2866,18/02/2022,1
2867,18/02/2016 00:00,1
2868,09/08/1991 00:00,1
2869,18/02/2015 00:00,1
2870,18/mar/11,1
2871,18/nov/11,1
2872,18/nov/13,1
2873,19/09/2016 00:00,1
2874,19/abr/11,1
2875,19/12/2017 00:00,1
2876,19/12/2015 00:00,1
2877,19/12/2014 00:00,1
2878,19/12/2013 00:00,1
2879,08/02/2012 00:00,1
2880,19/11/2015 00:00,1
2881,08/02/2014 00:00,1
2882,08/02/2018 00:00,1
2883,19/11/2011 00:00,1
2884,08/02/2020,1
2885,19/11/2010 00:00,1
2886,08/02/2020 00:00,1
2887,08/03/2010 00:00,1
2888,19/11/2007 00:00,1
2889,08/03/2014 00:00,1
2890,19/10/2022,1
2891,19/10/2018 00:00,1
2892,08/04/2004 00:00,1
2893,19/10/2007 00:00,1
2894,08/05/2015 00:00,1
2895,19/abr/18,1
2896,19/ago/10,1
2897,19/dez/13,1
2898,19/mar/10,1
2899,07/nov/18,1
2900,19/set/14,1
2901,19/set/13,1
2902,19/out/18,1
2903,19/nov/15,1
2904,19/nov/11,1
2905,19/nov/10,1
2906,19/nov/07,1
2907,19/mar/14,1
2908,19/mai/98,1
2909,19/dez/14,1
2910,19/mai/16,1
2911,19/mai/11,1
2912,19/jun/14,1
2913,19/jun/10,1
2914,19/jun/08,1
2915,19/jul/08,1
2916,19/jan/08,1
2917,19/dez/17,1
2918,19/dez/15,1
2919,19/09/2021,1
2920,19/09/2014 00:00,1
2921,18/nov/16,1
2922,08/06/2021,1
2923,08/10/2020,1
2924,19/03/2010 00:00,1
2925,08/10/2022,1
2926,08/11/2011 00:00,1
2927,08/11/2012,1
2928,08/12/2011 00:00,1
2929,08/12/2017 00:00,1
2930,08/12/2021,1
2931,19/01/2008 00:00,1
2932,08/12/2022,1
2933,08/abr/04,1
2934,18/set/21,1
2935,18/set/20,1
2936,18/set/18,1
2937,18/set/15,1
2938,18/set/12,1
2939,18/out/19,1
2940,18/out/17,1
2941,18/out/14,1
2942,08/ago/08,1
2943,18/nov/17,1
2944,19/03/2014 00:00,1
2945,08/10/2013 00:00,1
2946,19/04/2011 00:00,1
2947,08/08/2015,1
2948,19/09/2013 00:00,1
2949,08/07/2014 00:00,1
2950,08/07/2017 00:00,1
2951,19/08/2015 00:00,1
2952,19/08/2010 00:00,1
2953,08/07/2022,1
2954,19/07/2008 00:00,1
2955,08/08/2008 00:00,1
2956,19/06/2010 00:00,1
2957,19/06/2008 00:00,1
2958,19/04/2016 00:00,1
2959,08/08/2016 00:00,1
2960,19/05/2017 00:00,1
2961,19/05/2016 00:00,1
2962,19/05/2011 00:00,1
2963,08/09/2014 00:00,1
2964,08/10/2010 00:00,1
2965,19/05/1998 00:00,1
2966,08/10/2011 00:00,1
2967,19/04/2018,1
2968,31/out/96,1
